{
  "loss": 0.07575485044501248,
  "acc": 0.9904729127263039,
  "f1": 0.9949093870902057,
  "sens": 0.9959233591520587,
  "spec": 0.9850224663005491,
  "train_loss": 0.23336201443506227,
  "train_acc": 0.9301630576514753,
  "train_f1": 0.9638069506081555,
  "train_sens": 0.9726901428524793,
  "train_spec": 0.8876359724504753,
  "epoch": 50
}